<component name="libraryTable">
  <library name="appcompat-v7-25.3.1">
    <CLASSES>
      <root url="jar://$USER_HOME$/.android/build-cache/4b29b8a57bb6efbb9f97f80782bf030aea9aef89/output/jars/classes.jar!/" />
      <root url="file://$USER_HOME$/.android/build-cache/4b29b8a57bb6efbb9f97f80782bf030aea9aef89/output/res" />
    </CLASSES>
    <JAVADOC />
    <SOURCES>
      <root url="jar://$USER_HOME$/AppData/Local/Android/sdk/extras/android/m2repository/com/android/support/appcompat-v7/25.3.1/appcompat-v7-25.3.1-sources.jar!/" />
    </SOURCES>
  </library>
</component>