<component name="libraryTable">
  <library name="espresso-core-2.2.2">
    <CLASSES>
      <root url="file://$USER_HOME$/.android/build-cache/3a36f5e629b6d7c100b47300c780990ffdb0faee/output/res" />
      <root url="jar://$USER_HOME$/.android/build-cache/3a36f5e629b6d7c100b47300c780990ffdb0faee/output/jars/classes.jar!/" />
    </CLASSES>
    <JAVADOC />
    <SOURCES>
      <root url="jar://$USER_HOME$/AppData/Local/Android/sdk/extras/android/m2repository/com/android/support/test/espresso/espresso-core/2.2.2/espresso-core-2.2.2-sources.jar!/" />
    </SOURCES>
  </library>
</component>