<component name="libraryTable">
  <library name="exposed-instrumentation-api-publish-0.5">
    <CLASSES>
      <root url="jar://$USER_HOME$/.android/build-cache/6e340d17c7e86922de1afe402408ee151684ff93/output/jars/classes.jar!/" />
      <root url="file://$USER_HOME$/.android/build-cache/6e340d17c7e86922de1afe402408ee151684ff93/output/res" />
    </CLASSES>
    <JAVADOC />
    <SOURCES>
      <root url="jar://$USER_HOME$/AppData/Local/Android/sdk/extras/android/m2repository/com/android/support/test/exposed-instrumentation-api-publish/0.5/exposed-instrumentation-api-publish-0.5-sources.jar!/" />
    </SOURCES>
  </library>
</component>