<component name="libraryTable">
  <library name="rules-0.5">
    <CLASSES>
      <root url="file://$USER_HOME$/.android/build-cache/297e02a9f59e2068ee768f99248f37e116cb90f6/output/res" />
      <root url="jar://$USER_HOME$/.android/build-cache/297e02a9f59e2068ee768f99248f37e116cb90f6/output/jars/classes.jar!/" />
    </CLASSES>
    <JAVADOC />
    <SOURCES>
      <root url="jar://$USER_HOME$/AppData/Local/Android/sdk/extras/android/m2repository/com/android/support/test/rules/0.5/rules-0.5-sources.jar!/" />
    </SOURCES>
  </library>
</component>