<component name="libraryTable">
  <library name="runner-0.5">
    <CLASSES>
      <root url="jar://$USER_HOME$/.android/build-cache/6742ff9b3080c7d729df8cddabb9de2ef33b8955/output/jars/classes.jar!/" />
      <root url="file://$USER_HOME$/.android/build-cache/6742ff9b3080c7d729df8cddabb9de2ef33b8955/output/res" />
    </CLASSES>
    <JAVADOC />
    <SOURCES>
      <root url="jar://$USER_HOME$/AppData/Local/Android/sdk/extras/android/m2repository/com/android/support/test/runner/0.5/runner-0.5-sources.jar!/" />
    </SOURCES>
  </library>
</component>