<component name="libraryTable">
  <library name="support-core-utils-25.3.1">
    <CLASSES>
      <root url="file://$USER_HOME$/.android/build-cache/36952da0290cb72756813f0dc4e8d10e2a4721db/output/res" />
      <root url="jar://$USER_HOME$/.android/build-cache/36952da0290cb72756813f0dc4e8d10e2a4721db/output/jars/classes.jar!/" />
    </CLASSES>
    <JAVADOC />
    <SOURCES>
      <root url="jar://$USER_HOME$/AppData/Local/Android/sdk/extras/android/m2repository/com/android/support/support-core-utils/25.3.1/support-core-utils-25.3.1-sources.jar!/" />
    </SOURCES>
  </library>
</component>