<component name="libraryTable">
  <library name="support-media-compat-25.3.1">
    <CLASSES>
      <root url="file://$USER_HOME$/.android/build-cache/bf56500acdc674c1aeee8c2c12b61eaddfb357a0/output/res" />
      <root url="jar://$USER_HOME$/.android/build-cache/bf56500acdc674c1aeee8c2c12b61eaddfb357a0/output/jars/classes.jar!/" />
    </CLASSES>
    <JAVADOC />
    <SOURCES>
      <root url="jar://$USER_HOME$/AppData/Local/Android/sdk/extras/android/m2repository/com/android/support/support-media-compat/25.3.1/support-media-compat-25.3.1-sources.jar!/" />
    </SOURCES>
  </library>
</component>