<component name="libraryTable">
  <library name="support-vector-drawable-25.3.1">
    <CLASSES>
      <root url="jar://$USER_HOME$/.android/build-cache/06ef31ac1d08ae6e9dba0fec8d0b28ac8255e913/output/jars/classes.jar!/" />
      <root url="file://$USER_HOME$/.android/build-cache/06ef31ac1d08ae6e9dba0fec8d0b28ac8255e913/output/res" />
    </CLASSES>
    <JAVADOC />
    <SOURCES>
      <root url="jar://$USER_HOME$/AppData/Local/Android/sdk/extras/android/m2repository/com/android/support/support-vector-drawable/25.3.1/support-vector-drawable-25.3.1-sources.jar!/" />
    </SOURCES>
  </library>
</component>