<component name="libraryTable">
  <library name="support-compat-25.3.1">
    <CLASSES>
      <root url="file://$USER_HOME$/.android/build-cache/3dbb8abedf84d1e875762ccdf58d81224b162b21/output/res" />
      <root url="jar://$USER_HOME$/.android/build-cache/3dbb8abedf84d1e875762ccdf58d81224b162b21/output/jars/classes.jar!/" />
    </CLASSES>
    <JAVADOC />
    <SOURCES>
      <root url="jar://$USER_HOME$/AppData/Local/Android/sdk/extras/android/m2repository/com/android/support/support-compat/25.3.1/support-compat-25.3.1-sources.jar!/" />
    </SOURCES>
  </library>
</component>